LnID,DID,BLID,FLID,BNID,FNID,JCT,BLID2,BLID3,BLID4,FLID2,FLID3,FLID4,ClossID,Span,LCnt,Lno,LaneType,LimitVel,RefVel,RoadSecID,LaneChgFG,LinkWAID
1,0,0,13,1,2,0,0,0,0,0,0,0,0,1,1,1,0,30,30,0,0,0
2,0,57,58,58,3,0,0,0,0,0,0,0,0,1,1,1,0,30,30,0,0,0
3,0,128,129,129,4,0,0,0,0,0,0,0,0,1,1,1,0,30,30,0,0,0
4,0,154,155,155,5,0,0,0,0,0,0,0,0,1,1,1,0,30,30,0,0,0
5,0,226,227,227,6,0,0,0,0,0,0,0,0,1,1,1,0,30,30,0,0,0
6,0,264,265,265,7,0,0,0,0,0,0,0,0,1,1,1,0,30,30,0,0,0
7,0,293,294,294,8,0,0,0,0,0,0,0,0,1,1,1,0,30,30,0,0,0
8,0,321,322,322,9,0,0,0,0,0,0,0,0,1,1,1,0,30,30,0,0,0
9,0,331,332,332,10,0,0,0,0,0,0,0,0,1,1,1,0,30,30,0,0,0
10,0,345,346,346,11,0,0,0,0,0,0,0,0,1,1,1,0,30,30,0,0,0
11,0,358,359,359,12,0,0,0,0,0,0,0,0,1,1,1,0,30,30,0,0,0
12,0,373,374,374,13,0,0,0,0,0,0,0,0,1,1,1,0,30,30,0,0,0
13,0,1,14,2,14,0,0,0,0,0,0,0,0,1,1,1,0,30,30,0,0,0
14,0,13,15,14,15,0,0,0,0,0,0,0,0,1,1,1,0,30,30,0,0,0
15,0,14,16,15,16,0,0,0,0,0,0,0,0,1,1,1,0,30,30,0,0,0
16,0,15,17,16,17,0,0,0,0,0,0,0,0,1,1,1,0,30,30,0,0,0
17,0,16,18,17,18,0,0,0,0,0,0,0,0,1,1,1,0,30,30,0,0,0
18,0,17,19,18,19,0,0,0,0,0,0,0,0,1,1,1,0,30,30,0,0,0
19,0,18,20,19,20,0,0,0,0,0,0,0,0,1,1,1,0,30,30,0,0,0
20,0,19,21,20,21,0,0,0,0,0,0,0,0,1,1,1,0,30,30,0,0,0
21,0,20,22,21,22,0,0,0,0,0,0,0,0,1,1,1,0,30,30,0,0,0
22,0,21,23,22,23,0,0,0,0,0,0,0,0,1,1,1,0,30,30,0,0,0
23,0,22,24,23,24,0,0,0,0,0,0,0,0,1,1,1,0,30,30,0,0,0
24,0,23,25,24,25,0,0,0,0,0,0,0,0,1,1,1,0,30,30,0,0,0
25,0,24,26,25,26,0,0,0,0,0,0,0,0,1,1,1,0,30,30,0,0,0
26,0,25,27,26,27,0,0,0,0,0,0,0,0,1,1,1,0,30,30,0,0,0
27,0,26,28,27,28,0,0,0,0,0,0,0,0,1,1,1,0,30,30,0,0,0
28,0,27,29,28,29,0,0,0,0,0,0,0,0,1,1,1,0,30,30,0,0,0
29,0,28,30,29,30,0,0,0,0,0,0,0,0,1,1,1,0,30,30,0,0,0
30,0,29,31,30,31,0,0,0,0,0,0,0,0,1,1,1,0,30,30,0,0,0
31,0,30,32,31,32,0,0,0,0,0,0,0,0,1,1,1,0,30,30,0,0,0
32,0,31,33,32,33,0,0,0,0,0,0,0,0,1,1,1,0,30,30,0,0,0
33,0,32,34,33,34,0,0,0,0,0,0,0,0,1,1,1,0,30,30,0,0,0
34,0,33,35,34,35,0,0,0,0,0,0,0,0,1,1,1,0,30,30,0,0,0
35,0,34,36,35,36,0,0,0,0,0,0,0,0,1,1,1,0,30,30,0,0,0
36,0,35,37,36,37,0,0,0,0,0,0,0,0,1,1,1,0,30,30,0,0,0
37,0,36,38,37,38,0,0,0,0,0,0,0,0,1,1,1,0,30,30,0,0,0
38,0,37,39,38,39,0,0,0,0,0,0,0,0,1,1,1,0,30,30,0,0,0
39,0,38,40,39,40,0,0,0,0,0,0,0,0,1,1,1,0,30,30,0,0,0
40,0,39,41,40,41,0,0,0,0,0,0,0,0,1,1,1,0,30,30,0,0,0
41,0,40,42,41,42,0,0,0,0,0,0,0,0,1,1,1,0,30,30,0,0,0
42,0,41,43,42,43,0,0,0,0,0,0,0,0,1,1,1,0,30,30,0,0,0
43,0,42,44,43,44,0,0,0,0,0,0,0,0,1,1,1,0,30,30,0,0,0
44,0,43,45,44,45,0,0,0,0,0,0,0,0,1,1,1,0,30,30,0,0,0
45,0,44,46,45,46,0,0,0,0,0,0,0,0,1,1,1,0,30,30,0,0,0
46,0,45,47,46,47,0,0,0,0,0,0,0,0,1,1,1,0,30,30,0,0,0
47,0,46,48,47,48,0,0,0,0,0,0,0,0,1,1,1,0,30,30,0,0,0
48,0,47,49,48,49,0,0,0,0,0,0,0,0,1,1,1,0,30,30,0,0,0
49,0,48,50,49,50,0,0,0,0,0,0,0,0,1,1,1,0,30,30,0,0,0
50,0,49,51,50,51,0,0,0,0,0,0,0,0,1,1,1,0,30,30,0,0,0
51,0,50,52,51,52,0,0,0,0,0,0,0,0,1,1,1,0,30,30,0,0,0
52,0,51,53,52,53,0,0,0,0,0,0,0,0,1,1,1,0,30,30,0,0,0
53,0,52,54,53,54,0,0,0,0,0,0,0,0,1,1,1,0,30,30,0,0,0
54,0,53,55,54,55,0,0,0,0,0,0,0,0,1,1,1,0,30,30,0,0,0
55,0,54,56,55,56,0,0,0,0,0,0,0,0,1,1,1,0,30,30,0,0,0
56,0,55,57,56,57,0,0,0,0,0,0,0,0,1,1,1,0,30,30,0,0,0
57,0,56,2,57,58,0,0,0,0,0,0,0,0,0.156,1,1,0,30,30,0,0,0
58,0,2,59,3,59,0,0,0,0,0,0,0,0,1,1,1,0,30,30,0,0,0
59,0,58,60,59,60,0,0,0,0,0,0,0,0,1,1,1,0,30,30,0,0,0
60,0,59,61,60,61,0,0,0,0,0,0,0,0,1,1,1,0,30,30,0,0,0
61,0,60,62,61,62,0,0,0,0,0,0,0,0,1,1,1,0,30,30,0,0,0
62,0,61,63,62,63,0,0,0,0,0,0,0,0,1,1,1,0,30,30,0,0,0
63,0,62,64,63,64,0,0,0,0,0,0,0,0,1,1,1,0,30,30,0,0,0
64,0,63,65,64,65,0,0,0,0,0,0,0,0,1,1,1,0,30,30,0,0,0
65,0,64,66,65,66,0,0,0,0,0,0,0,0,1,1,1,0,30,30,0,0,0
66,0,65,67,66,67,0,0,0,0,0,0,0,0,1,1,1,0,30,30,0,0,0
67,0,66,68,67,68,0,0,0,0,0,0,0,0,1,1,1,0,30,30,0,0,0
68,0,67,69,68,69,0,0,0,0,0,0,0,0,1,1,1,0,30,30,0,0,0
69,0,68,70,69,70,0,0,0,0,0,0,0,0,1,1,1,0,30,30,0,0,0
70,0,69,71,70,71,0,0,0,0,0,0,0,0,1,1,1,0,30,30,0,0,0
71,0,70,72,71,72,0,0,0,0,0,0,0,0,1,1,1,0,30,30,0,0,0
72,0,71,73,72,73,0,0,0,0,0,0,0,0,1,1,1,0,30,30,0,0,0
73,0,72,74,73,74,0,0,0,0,0,0,0,0,1,1,1,0,30,30,0,0,0
74,0,73,75,74,75,0,0,0,0,0,0,0,0,1,1,1,0,30,30,0,0,0
75,0,74,76,75,76,0,0,0,0,0,0,0,0,1,1,1,0,30,30,0,0,0
76,0,75,77,76,77,0,0,0,0,0,0,0,0,1,1,1,0,30,30,0,0,0
77,0,76,78,77,78,0,0,0,0,0,0,0,0,1,1,1,0,30,30,0,0,0
78,0,77,79,78,79,0,0,0,0,0,0,0,0,1,1,1,0,30,30,0,0,0
79,0,78,80,79,80,0,0,0,0,0,0,0,0,1,1,1,0,30,30,0,0,0
80,0,79,81,80,81,0,0,0,0,0,0,0,0,1,1,1,0,30,30,0,0,0
81,0,80,82,81,82,0,0,0,0,0,0,0,0,1,1,1,0,30,30,0,0,0
82,0,81,83,82,83,0,0,0,0,0,0,0,0,1,1,1,0,30,30,0,0,0
83,0,82,84,83,84,0,0,0,0,0,0,0,0,1,1,1,0,30,30,0,0,0
84,0,83,85,84,85,0,0,0,0,0,0,0,0,1,1,1,0,30,30,0,0,0
85,0,84,86,85,86,0,0,0,0,0,0,0,0,1,1,1,0,30,30,0,0,0
86,0,85,87,86,87,0,0,0,0,0,0,0,0,1,1,1,0,30,30,0,0,0
87,0,86,88,87,88,0,0,0,0,0,0,0,0,1,1,1,0,30,30,0,0,0
88,0,87,89,88,89,0,0,0,0,0,0,0,0,1,1,1,0,30,30,0,0,0
89,0,88,90,89,90,0,0,0,0,0,0,0,0,1,1,1,0,30,30,0,0,0
90,0,89,91,90,91,0,0,0,0,0,0,0,0,1,1,1,0,30,30,0,0,0
91,0,90,92,91,92,0,0,0,0,0,0,0,0,1,1,1,0,30,30,0,0,0
92,0,91,93,92,93,0,0,0,0,0,0,0,0,1,1,1,0,30,30,0,0,0
93,0,92,94,93,94,0,0,0,0,0,0,0,0,1,1,1,0,30,30,0,0,0
94,0,93,95,94,95,0,0,0,0,0,0,0,0,1,1,1,0,30,30,0,0,0
95,0,94,96,95,96,0,0,0,0,0,0,0,0,1,1,1,0,30,30,0,0,0
96,0,95,97,96,97,0,0,0,0,0,0,0,0,1,1,1,0,30,30,0,0,0
97,0,96,98,97,98,0,0,0,0,0,0,0,0,1,1,1,0,30,30,0,0,0
98,0,97,99,98,99,0,0,0,0,0,0,0,0,1,1,1,0,30,30,0,0,0
99,0,98,100,99,100,0,0,0,0,0,0,0,0,1,1,1,0,30,30,0,0,0
100,0,99,101,100,101,0,0,0,0,0,0,0,0,1,1,1,0,30,30,0,0,0
101,0,100,102,101,102,0,0,0,0,0,0,0,0,1,1,1,0,30,30,0,0,0
102,0,101,103,102,103,0,0,0,0,0,0,0,0,1,1,1,0,30,30,0,0,0
103,0,102,104,103,104,0,0,0,0,0,0,0,0,1,1,1,0,30,30,0,0,0
104,0,103,105,104,105,0,0,0,0,0,0,0,0,1,1,1,0,30,30,0,0,0
105,0,104,106,105,106,0,0,0,0,0,0,0,0,1,1,1,0,30,30,0,0,0
106,0,105,107,106,107,0,0,0,0,0,0,0,0,1,1,1,0,30,30,0,0,0
107,0,106,108,107,108,0,0,0,0,0,0,0,0,1,1,1,0,30,30,0,0,0
108,0,107,109,108,109,0,0,0,0,0,0,0,0,1,1,1,0,30,30,0,0,0
109,0,108,110,109,110,0,0,0,0,0,0,0,0,1,1,1,0,30,30,0,0,0
110,0,109,111,110,111,0,0,0,0,0,0,0,0,1,1,1,0,30,30,0,0,0
111,0,110,112,111,112,0,0,0,0,0,0,0,0,1,1,1,0,30,30,0,0,0
112,0,111,113,112,113,0,0,0,0,0,0,0,0,1,1,1,0,30,30,0,0,0
113,0,112,114,113,114,0,0,0,0,0,0,0,0,1,1,1,0,30,30,0,0,0
114,0,113,115,114,115,0,0,0,0,0,0,0,0,1,1,1,0,30,30,0,0,0
115,0,114,116,115,116,0,0,0,0,0,0,0,0,1,1,1,0,30,30,0,0,0
116,0,115,117,116,117,0,0,0,0,0,0,0,0,1,1,1,0,30,30,0,0,0
117,0,116,118,117,118,0,0,0,0,0,0,0,0,1,1,1,0,30,30,0,0,0
118,0,117,119,118,119,0,0,0,0,0,0,0,0,1,1,1,0,30,30,0,0,0
119,0,118,120,119,120,0,0,0,0,0,0,0,0,1,1,1,0,30,30,0,0,0
120,0,119,121,120,121,0,0,0,0,0,0,0,0,1,1,1,0,30,30,0,0,0
121,0,120,122,121,122,0,0,0,0,0,0,0,0,1,1,1,0,30,30,0,0,0
122,0,121,123,122,123,0,0,0,0,0,0,0,0,1,1,1,0,30,30,0,0,0
123,0,122,124,123,124,0,0,0,0,0,0,0,0,1,1,1,0,30,30,0,0,0
124,0,123,125,124,125,0,0,0,0,0,0,0,0,1,1,1,0,30,30,0,0,0
125,0,124,126,125,126,0,0,0,0,0,0,0,0,1,1,1,0,30,30,0,0,0
126,0,125,127,126,127,0,0,0,0,0,0,0,0,1,1,1,0,30,30,0,0,0
127,0,126,128,127,128,0,0,0,0,0,0,0,0,1,1,1,0,30,30,0,0,0
128,0,127,3,128,129,0,0,0,0,0,0,0,0,0.982,1,1,0,30,30,0,0,0
129,0,3,130,4,130,0,0,0,0,0,0,0,0,1,1,1,0,30,30,0,0,0
130,0,129,131,130,131,0,0,0,0,0,0,0,0,1,1,1,0,30,30,0,0,0
131,0,130,132,131,132,0,0,0,0,0,0,0,0,1,1,1,0,30,30,0,0,0
132,0,131,133,132,133,0,0,0,0,0,0,0,0,1,1,1,0,30,30,0,0,0
133,0,132,134,133,134,0,0,0,0,0,0,0,0,1,1,1,0,30,30,0,0,0
134,0,133,135,134,135,0,0,0,0,0,0,0,0,1,1,1,0,30,30,0,0,0
135,0,134,136,135,136,0,0,0,0,0,0,0,0,1,1,1,0,30,30,0,0,0
136,0,135,137,136,137,0,0,0,0,0,0,0,0,1,1,1,0,30,30,0,0,0
137,0,136,138,137,138,0,0,0,0,0,0,0,0,1,1,1,0,30,30,0,0,0
138,0,137,139,138,139,0,0,0,0,0,0,0,0,1,1,1,0,30,30,0,0,0
139,0,138,140,139,140,0,0,0,0,0,0,0,0,1,1,1,0,30,30,0,0,0
140,0,139,141,140,141,0,0,0,0,0,0,0,0,1,1,1,0,30,30,0,0,0
141,0,140,142,141,142,0,0,0,0,0,0,0,0,1,1,1,0,30,30,0,0,0
142,0,141,143,142,143,0,0,0,0,0,0,0,0,1,1,1,0,30,30,0,0,0
143,0,142,144,143,144,0,0,0,0,0,0,0,0,1,1,1,0,30,30,0,0,0
144,0,143,145,144,145,0,0,0,0,0,0,0,0,1,1,1,0,30,30,0,0,0
145,0,144,146,145,146,0,0,0,0,0,0,0,0,1,1,1,0,30,30,0,0,0
146,0,145,147,146,147,0,0,0,0,0,0,0,0,1,1,1,0,30,30,0,0,0
147,0,146,148,147,148,0,0,0,0,0,0,0,0,1,1,1,0,30,30,0,0,0
148,0,147,149,148,149,0,0,0,0,0,0,0,0,1,1,1,0,30,30,0,0,0
149,0,148,150,149,150,0,0,0,0,0,0,0,0,1,1,1,0,30,30,0,0,0
150,0,149,151,150,151,0,0,0,0,0,0,0,0,1,1,1,0,30,30,0,0,0
151,0,150,152,151,152,0,0,0,0,0,0,0,0,1,1,1,0,30,30,0,0,0
152,0,151,153,152,153,0,0,0,0,0,0,0,0,1,1,1,0,30,30,0,0,0
153,0,152,154,153,154,0,0,0,0,0,0,0,0,1,1,1,0,30,30,0,0,0
154,0,153,4,154,155,0,0,0,0,0,0,0,0,0.442,1,1,0,30,30,0,0,0
155,0,4,156,5,156,0,0,0,0,0,0,0,0,1,1,1,0,30,30,0,0,0
156,0,155,157,156,157,0,0,0,0,0,0,0,0,1,1,1,0,30,30,0,0,0
157,0,156,158,157,158,0,0,0,0,0,0,0,0,1,1,1,0,30,30,0,0,0
158,0,157,159,158,159,0,0,0,0,0,0,0,0,1,1,1,0,30,30,0,0,0
159,0,158,160,159,160,0,0,0,0,0,0,0,0,1,1,1,0,30,30,0,0,0
160,0,159,161,160,161,0,0,0,0,0,0,0,0,1,1,1,0,30,30,0,0,0
161,0,160,162,161,162,0,0,0,0,0,0,0,0,1,1,1,0,30,30,0,0,0
162,0,161,163,162,163,0,0,0,0,0,0,0,0,1,1,1,0,30,30,0,0,0
163,0,162,164,163,164,0,0,0,0,0,0,0,0,1,1,1,0,30,30,0,0,0
164,0,163,165,164,165,0,0,0,0,0,0,0,0,1,1,1,0,30,30,0,0,0
165,0,164,166,165,166,0,0,0,0,0,0,0,0,1,1,1,0,30,30,0,0,0
166,0,165,167,166,167,0,0,0,0,0,0,0,0,1,1,1,0,30,30,0,0,0
167,0,166,168,167,168,0,0,0,0,0,0,0,0,1,1,1,0,30,30,0,0,0
168,0,167,169,168,169,0,0,0,0,0,0,0,0,1,1,1,0,30,30,0,0,0
169,0,168,170,169,170,0,0,0,0,0,0,0,0,1,1,1,0,30,30,0,0,0
170,0,169,171,170,171,0,0,0,0,0,0,0,0,1,1,1,0,30,30,0,0,0
171,0,170,172,171,172,0,0,0,0,0,0,0,0,1,1,1,0,30,30,0,0,0
172,0,171,173,172,173,0,0,0,0,0,0,0,0,1,1,1,0,30,30,0,0,0
173,0,172,174,173,174,0,0,0,0,0,0,0,0,1,1,1,0,30,30,0,0,0
174,0,173,175,174,175,0,0,0,0,0,0,0,0,1,1,1,0,30,30,0,0,0
175,0,174,176,175,176,0,0,0,0,0,0,0,0,1,1,1,0,30,30,0,0,0
176,0,175,177,176,177,0,0,0,0,0,0,0,0,1,1,1,0,30,30,0,0,0
177,0,176,178,177,178,0,0,0,0,0,0,0,0,1,1,1,0,30,30,0,0,0
178,0,177,179,178,179,0,0,0,0,0,0,0,0,1,1,1,0,30,30,0,0,0
179,0,178,180,179,180,0,0,0,0,0,0,0,0,1,1,1,0,30,30,0,0,0
180,0,179,181,180,181,0,0,0,0,0,0,0,0,1,1,1,0,30,30,0,0,0
181,0,180,182,181,182,0,0,0,0,0,0,0,0,1,1,1,0,30,30,0,0,0
182,0,181,183,182,183,0,0,0,0,0,0,0,0,1,1,1,0,30,30,0,0,0
183,0,182,184,183,184,0,0,0,0,0,0,0,0,1,1,1,0,30,30,0,0,0
184,0,183,185,184,185,0,0,0,0,0,0,0,0,1,1,1,0,30,30,0,0,0
185,0,184,186,185,186,0,0,0,0,0,0,0,0,1,1,1,0,30,30,0,0,0
186,0,185,187,186,187,0,0,0,0,0,0,0,0,1,1,1,0,30,30,0,0,0
187,0,186,188,187,188,0,0,0,0,0,0,0,0,1,1,1,0,30,30,0,0,0
188,0,187,189,188,189,0,0,0,0,0,0,0,0,1,1,1,0,30,30,0,0,0
189,0,188,190,189,190,0,0,0,0,0,0,0,0,1,1,1,0,30,30,0,0,0
190,0,189,191,190,191,0,0,0,0,0,0,0,0,1,1,1,0,30,30,0,0,0
191,0,190,192,191,192,0,0,0,0,0,0,0,0,1,1,1,0,30,30,0,0,0
192,0,191,193,192,193,0,0,0,0,0,0,0,0,1,1,1,0,30,30,0,0,0
193,0,192,194,193,194,0,0,0,0,0,0,0,0,1,1,1,0,30,30,0,0,0
194,0,193,195,194,195,0,0,0,0,0,0,0,0,1,1,1,0,30,30,0,0,0
195,0,194,196,195,196,0,0,0,0,0,0,0,0,1,1,1,0,30,30,0,0,0
196,0,195,197,196,197,0,0,0,0,0,0,0,0,1,1,1,0,30,30,0,0,0
197,0,196,198,197,198,0,0,0,0,0,0,0,0,1,1,1,0,30,30,0,0,0
198,0,197,199,198,199,0,0,0,0,0,0,0,0,1,1,1,0,30,30,0,0,0
199,0,198,200,199,200,0,0,0,0,0,0,0,0,1,1,1,0,30,30,0,0,0
200,0,199,201,200,201,0,0,0,0,0,0,0,0,1,1,1,0,30,30,0,0,0
201,0,200,202,201,202,0,0,0,0,0,0,0,0,1,1,1,0,30,30,0,0,0
202,0,201,203,202,203,0,0,0,0,0,0,0,0,1,1,1,0,30,30,0,0,0
203,0,202,204,203,204,0,0,0,0,0,0,0,0,1,1,1,0,30,30,0,0,0
204,0,203,205,204,205,0,0,0,0,0,0,0,0,1,1,1,0,30,30,0,0,0
205,0,204,206,205,206,0,0,0,0,0,0,0,0,1,1,1,0,30,30,0,0,0
206,0,205,207,206,207,0,0,0,0,0,0,0,0,1,1,1,0,30,30,0,0,0
207,0,206,208,207,208,0,0,0,0,0,0,0,0,1,1,1,0,30,30,0,0,0
208,0,207,209,208,209,0,0,0,0,0,0,0,0,1,1,1,0,30,30,0,0,0
209,0,208,210,209,210,0,0,0,0,0,0,0,0,1,1,1,0,30,30,0,0,0
210,0,209,211,210,211,0,0,0,0,0,0,0,0,1,1,1,0,30,30,0,0,0
211,0,210,212,211,212,0,0,0,0,0,0,0,0,1,1,1,0,30,30,0,0,0
212,0,211,213,212,213,0,0,0,0,0,0,0,0,1,1,1,0,30,30,0,0,0
213,0,212,214,213,214,0,0,0,0,0,0,0,0,1,1,1,0,30,30,0,0,0
214,0,213,215,214,215,0,0,0,0,0,0,0,0,1,1,1,0,30,30,0,0,0
215,0,214,216,215,216,0,0,0,0,0,0,0,0,1,1,1,0,30,30,0,0,0
216,0,215,217,216,217,0,0,0,0,0,0,0,0,1,1,1,0,30,30,0,0,0
217,0,216,218,217,218,0,0,0,0,0,0,0,0,1,1,1,0,30,30,0,0,0
218,0,217,219,218,219,0,0,0,0,0,0,0,0,1,1,1,0,30,30,0,0,0
219,0,218,220,219,220,0,0,0,0,0,0,0,0,1,1,1,0,30,30,0,0,0
220,0,219,221,220,221,0,0,0,0,0,0,0,0,1,1,1,0,30,30,0,0,0
221,0,220,222,221,222,0,0,0,0,0,0,0,0,1,1,1,0,30,30,0,0,0
222,0,221,223,222,223,0,0,0,0,0,0,0,0,1,1,1,0,30,30,0,0,0
223,0,222,224,223,224,0,0,0,0,0,0,0,0,1,1,1,0,30,30,0,0,0
224,0,223,225,224,225,0,0,0,0,0,0,0,0,1,1,1,0,30,30,0,0,0
225,0,224,226,225,226,0,0,0,0,0,0,0,0,1,1,1,0,30,30,0,0,0
226,0,225,5,226,227,0,0,0,0,0,0,0,0,0.819,1,1,0,30,30,0,0,0
227,0,5,228,6,228,0,0,0,0,0,0,0,0,1,1,1,0,30,30,0,0,0
228,0,227,229,228,229,0,0,0,0,0,0,0,0,1,1,1,0,30,30,0,0,0
229,0,228,230,229,230,0,0,0,0,0,0,0,0,1,1,1,0,30,30,0,0,0
230,0,229,231,230,231,0,0,0,0,0,0,0,0,1,1,1,0,30,30,0,0,0
231,0,230,232,231,232,0,0,0,0,0,0,0,0,1,1,1,0,30,30,0,0,0
232,0,231,233,232,233,0,0,0,0,0,0,0,0,1,1,1,0,30,30,0,0,0
233,0,232,234,233,234,0,0,0,0,0,0,0,0,1,1,1,0,30,30,0,0,0
234,0,233,235,234,235,0,0,0,0,0,0,0,0,1,1,1,0,30,30,0,0,0
235,0,234,236,235,236,0,0,0,0,0,0,0,0,1,1,1,0,30,30,0,0,0
236,0,235,237,236,237,0,0,0,0,0,0,0,0,1,1,1,0,30,30,0,0,0
237,0,236,238,237,238,0,0,0,0,0,0,0,0,1,1,1,0,30,30,0,0,0
238,0,237,239,238,239,0,0,0,0,0,0,0,0,1,1,1,0,30,30,0,0,0
239,0,238,240,239,240,0,0,0,0,0,0,0,0,1,1,1,0,30,30,0,0,0
240,0,239,241,240,241,0,0,0,0,0,0,0,0,1,1,1,0,30,30,0,0,0
241,0,240,242,241,242,0,0,0,0,0,0,0,0,1,1,1,0,30,30,0,0,0
242,0,241,243,242,243,0,0,0,0,0,0,0,0,1,1,1,0,30,30,0,0,0
243,0,242,244,243,244,0,0,0,0,0,0,0,0,1,1,1,0,30,30,0,0,0
244,0,243,245,244,245,0,0,0,0,0,0,0,0,1,1,1,0,30,30,0,0,0
245,0,244,246,245,246,0,0,0,0,0,0,0,0,1,1,1,0,30,30,0,0,0
246,0,245,247,246,247,0,0,0,0,0,0,0,0,1,1,1,0,30,30,0,0,0
247,0,246,248,247,248,0,0,0,0,0,0,0,0,1,1,1,0,30,30,0,0,0
248,0,247,249,248,249,0,0,0,0,0,0,0,0,1,1,1,0,30,30,0,0,0
249,0,248,250,249,250,0,0,0,0,0,0,0,0,1,1,1,0,30,30,0,0,0
250,0,249,251,250,251,0,0,0,0,0,0,0,0,1,1,1,0,30,30,0,0,0
251,0,250,252,251,252,0,0,0,0,0,0,0,0,1,1,1,0,30,30,0,0,0
252,0,251,253,252,253,0,0,0,0,0,0,0,0,1,1,1,0,30,30,0,0,0
253,0,252,254,253,254,0,0,0,0,0,0,0,0,1,1,1,0,30,30,0,0,0
254,0,253,255,254,255,0,0,0,0,0,0,0,0,1,1,1,0,30,30,0,0,0
255,0,254,256,255,256,0,0,0,0,0,0,0,0,1,1,1,0,30,30,0,0,0
256,0,255,257,256,257,0,0,0,0,0,0,0,0,1,1,1,0,30,30,0,0,0
257,0,256,258,257,258,0,0,0,0,0,0,0,0,1,1,1,0,30,30,0,0,0
258,0,257,259,258,259,0,0,0,0,0,0,0,0,1,1,1,0,30,30,0,0,0
259,0,258,260,259,260,0,0,0,0,0,0,0,0,1,1,1,0,30,30,0,0,0
260,0,259,261,260,261,0,0,0,0,0,0,0,0,1,1,1,0,30,30,0,0,0
261,0,260,262,261,262,0,0,0,0,0,0,0,0,1,1,1,0,30,30,0,0,0
262,0,261,263,262,263,0,0,0,0,0,0,0,0,1,1,1,0,30,30,0,0,0
263,0,262,264,263,264,0,0,0,0,0,0,0,0,1,1,1,0,30,30,0,0,0
264,0,263,6,264,265,0,0,0,0,0,0,0,0,0.687,1,1,0,30,30,0,0,0
265,0,6,266,7,266,0,0,0,0,0,0,0,0,1,1,1,0,30,30,0,0,0
266,0,265,267,266,267,0,0,0,0,0,0,0,0,1,1,1,0,30,30,0,0,0
267,0,266,268,267,268,0,0,0,0,0,0,0,0,1,1,1,0,30,30,0,0,0
268,0,267,269,268,269,0,0,0,0,0,0,0,0,1,1,1,0,30,30,0,0,0
269,0,268,270,269,270,0,0,0,0,0,0,0,0,1,1,1,0,30,30,0,0,0
270,0,269,271,270,271,0,0,0,0,0,0,0,0,1,1,1,0,30,30,0,0,0
271,0,270,272,271,272,0,0,0,0,0,0,0,0,1,1,1,0,30,30,0,0,0
272,0,271,273,272,273,0,0,0,0,0,0,0,0,1,1,1,0,30,30,0,0,0
273,0,272,274,273,274,0,0,0,0,0,0,0,0,1,1,1,0,30,30,0,0,0
274,0,273,275,274,275,0,0,0,0,0,0,0,0,1,1,1,0,30,30,0,0,0
275,0,274,276,275,276,0,0,0,0,0,0,0,0,1,1,1,0,30,30,0,0,0
276,0,275,277,276,277,0,0,0,0,0,0,0,0,1,1,1,0,30,30,0,0,0
277,0,276,278,277,278,0,0,0,0,0,0,0,0,1,1,1,0,30,30,0,0,0
278,0,277,279,278,279,0,0,0,0,0,0,0,0,1,1,1,0,30,30,0,0,0
279,0,278,280,279,280,0,0,0,0,0,0,0,0,1,1,1,0,30,30,0,0,0
280,0,279,281,280,281,0,0,0,0,0,0,0,0,1,1,1,0,30,30,0,0,0
281,0,280,282,281,282,0,0,0,0,0,0,0,0,1,1,1,0,30,30,0,0,0
282,0,281,283,282,283,0,0,0,0,0,0,0,0,1,1,1,0,30,30,0,0,0
283,0,282,284,283,284,0,0,0,0,0,0,0,0,1,1,1,0,30,30,0,0,0
284,0,283,285,284,285,0,0,0,0,0,0,0,0,1,1,1,0,30,30,0,0,0
285,0,284,286,285,286,0,0,0,0,0,0,0,0,1,1,1,0,30,30,0,0,0
286,0,285,287,286,287,0,0,0,0,0,0,0,0,1,1,1,0,30,30,0,0,0
287,0,286,288,287,288,0,0,0,0,0,0,0,0,1,1,1,0,30,30,0,0,0
288,0,287,289,288,289,0,0,0,0,0,0,0,0,1,1,1,0,30,30,0,0,0
289,0,288,290,289,290,0,0,0,0,0,0,0,0,1,1,1,0,30,30,0,0,0
290,0,289,291,290,291,0,0,0,0,0,0,0,0,1,1,1,0,30,30,0,0,0
291,0,290,292,291,292,0,0,0,0,0,0,0,0,1,1,1,0,30,30,0,0,0
292,0,291,293,292,293,0,0,0,0,0,0,0,0,1,1,1,0,30,30,0,0,0
293,0,292,7,293,294,0,0,0,0,0,0,0,0,0.057,1,1,0,30,30,0,0,0
294,0,7,295,8,295,0,0,0,0,0,0,0,0,1,1,1,0,30,30,0,0,0
295,0,294,296,295,296,0,0,0,0,0,0,0,0,1,1,1,0,30,30,0,0,0
296,0,295,297,296,297,0,0,0,0,0,0,0,0,1,1,1,0,30,30,0,0,0
297,0,296,298,297,298,0,0,0,0,0,0,0,0,1,1,1,0,30,30,0,0,0
298,0,297,299,298,299,0,0,0,0,0,0,0,0,1,1,1,0,30,30,0,0,0
299,0,298,300,299,300,0,0,0,0,0,0,0,0,1,1,1,0,30,30,0,0,0
300,0,299,301,300,301,0,0,0,0,0,0,0,0,1,1,1,0,30,30,0,0,0
301,0,300,302,301,302,0,0,0,0,0,0,0,0,1,1,1,0,30,30,0,0,0
302,0,301,303,302,303,0,0,0,0,0,0,0,0,1,1,1,0,30,30,0,0,0
303,0,302,304,303,304,0,0,0,0,0,0,0,0,1,1,1,0,30,30,0,0,0
304,0,303,305,304,305,0,0,0,0,0,0,0,0,1,1,1,0,30,30,0,0,0
305,0,304,306,305,306,0,0,0,0,0,0,0,0,1,1,1,0,30,30,0,0,0
306,0,305,307,306,307,0,0,0,0,0,0,0,0,1,1,1,0,30,30,0,0,0
307,0,306,308,307,308,0,0,0,0,0,0,0,0,1,1,1,0,30,30,0,0,0
308,0,307,309,308,309,0,0,0,0,0,0,0,0,1,1,1,0,30,30,0,0,0
309,0,308,310,309,310,0,0,0,0,0,0,0,0,1,1,1,0,30,30,0,0,0
310,0,309,311,310,311,0,0,0,0,0,0,0,0,1,1,1,0,30,30,0,0,0
311,0,310,312,311,312,0,0,0,0,0,0,0,0,1,1,1,0,30,30,0,0,0
312,0,311,313,312,313,0,0,0,0,0,0,0,0,1,1,1,0,30,30,0,0,0
313,0,312,314,313,314,0,0,0,0,0,0,0,0,1,1,1,0,30,30,0,0,0
314,0,313,315,314,315,0,0,0,0,0,0,0,0,1,1,1,0,30,30,0,0,0
315,0,314,316,315,316,0,0,0,0,0,0,0,0,1,1,1,0,30,30,0,0,0
316,0,315,317,316,317,0,0,0,0,0,0,0,0,1,1,1,0,30,30,0,0,0
317,0,316,318,317,318,0,0,0,0,0,0,0,0,1,1,1,0,30,30,0,0,0
318,0,317,319,318,319,0,0,0,0,0,0,0,0,1,1,1,0,30,30,0,0,0
319,0,318,320,319,320,0,0,0,0,0,0,0,0,1,1,1,0,30,30,0,0,0
320,0,319,321,320,321,0,0,0,0,0,0,0,0,1,1,1,0,30,30,0,0,0
321,0,320,8,321,322,0,0,0,0,0,0,0,0,0.77,1,1,0,30,30,0,0,0
322,0,8,323,9,323,0,0,0,0,0,0,0,0,1,1,1,0,30,30,0,0,0
323,0,322,324,323,324,0,0,0,0,0,0,0,0,1,1,1,0,30,30,0,0,0
324,0,323,325,324,325,0,0,0,0,0,0,0,0,1,1,1,0,30,30,0,0,0
325,0,324,326,325,326,0,0,0,0,0,0,0,0,1,1,1,0,30,30,0,0,0
326,0,325,327,326,327,0,0,0,0,0,0,0,0,1,1,1,0,30,30,0,0,0
327,0,326,328,327,328,0,0,0,0,0,0,0,0,1,1,1,0,30,30,0,0,0
328,0,327,329,328,329,0,0,0,0,0,0,0,0,1,1,1,0,30,30,0,0,0
329,0,328,330,329,330,0,0,0,0,0,0,0,0,1,1,1,0,30,30,0,0,0
330,0,329,331,330,331,0,0,0,0,0,0,0,0,1,1,1,0,30,30,0,0,0
331,0,330,9,331,332,0,0,0,0,0,0,0,0,0.397,1,1,0,30,30,0,0,0
332,0,9,333,10,333,0,0,0,0,0,0,0,0,1,1,1,0,30,30,0,0,0
333,0,332,334,333,334,0,0,0,0,0,0,0,0,1,1,1,0,30,30,0,0,0
334,0,333,335,334,335,0,0,0,0,0,0,0,0,1,1,1,0,30,30,0,0,0
335,0,334,336,335,336,0,0,0,0,0,0,0,0,1,1,1,0,30,30,0,0,0
336,0,335,337,336,337,0,0,0,0,0,0,0,0,1,1,1,0,30,30,0,0,0
337,0,336,338,337,338,0,0,0,0,0,0,0,0,1,1,1,0,30,30,0,0,0
338,0,337,339,338,339,0,0,0,0,0,0,0,0,1,1,1,0,30,30,0,0,0
339,0,338,340,339,340,0,0,0,0,0,0,0,0,1,1,1,0,30,30,0,0,0
340,0,339,341,340,341,0,0,0,0,0,0,0,0,1,1,1,0,30,30,0,0,0
341,0,340,342,341,342,0,0,0,0,0,0,0,0,1,1,1,0,30,30,0,0,0
342,0,341,343,342,343,0,0,0,0,0,0,0,0,1,1,1,0,30,30,0,0,0
343,0,342,344,343,344,0,0,0,0,0,0,0,0,1,1,1,0,30,30,0,0,0
344,0,343,345,344,345,0,0,0,0,0,0,0,0,1,1,1,0,30,30,0,0,0
345,0,344,10,345,346,0,0,0,0,0,0,0,0,0.384,1,1,0,30,30,0,0,0
346,0,10,347,11,347,0,0,0,0,0,0,0,0,1,1,1,0,30,30,0,0,0
347,0,346,348,347,348,0,0,0,0,0,0,0,0,1,1,1,0,30,30,0,0,0
348,0,347,349,348,349,0,0,0,0,0,0,0,0,1,1,1,0,30,30,0,0,0
349,0,348,350,349,350,0,0,0,0,0,0,0,0,1,1,1,0,30,30,0,0,0
350,0,349,351,350,351,0,0,0,0,0,0,0,0,1,1,1,0,30,30,0,0,0
351,0,350,352,351,352,0,0,0,0,0,0,0,0,1,1,1,0,30,30,0,0,0
352,0,351,353,352,353,0,0,0,0,0,0,0,0,1,1,1,0,30,30,0,0,0
353,0,352,354,353,354,0,0,0,0,0,0,0,0,1,1,1,0,30,30,0,0,0
354,0,353,355,354,355,0,0,0,0,0,0,0,0,1,1,1,0,30,30,0,0,0
355,0,354,356,355,356,0,0,0,0,0,0,0,0,1,1,1,0,30,30,0,0,0
356,0,355,357,356,357,0,0,0,0,0,0,0,0,1,1,1,0,30,30,0,0,0
357,0,356,358,357,358,0,0,0,0,0,0,0,0,1,1,1,0,30,30,0,0,0
358,0,357,11,358,359,0,0,0,0,0,0,0,0,0.234,1,1,0,30,30,0,0,0
359,0,11,360,12,360,0,0,0,0,0,0,0,0,1,1,1,0,30,30,0,0,0
360,0,359,361,360,361,0,0,0,0,0,0,0,0,1,1,1,0,30,30,0,0,0
361,0,360,362,361,362,0,0,0,0,0,0,0,0,1,1,1,0,30,30,0,0,0
362,0,361,363,362,363,0,0,0,0,0,0,0,0,1,1,1,0,30,30,0,0,0
363,0,362,364,363,364,0,0,0,0,0,0,0,0,1,1,1,0,30,30,0,0,0
364,0,363,365,364,365,0,0,0,0,0,0,0,0,1,1,1,0,30,30,0,0,0
365,0,364,366,365,366,0,0,0,0,0,0,0,0,1,1,1,0,30,30,0,0,0
366,0,365,367,366,367,0,0,0,0,0,0,0,0,1,1,1,0,30,30,0,0,0
367,0,366,368,367,368,0,0,0,0,0,0,0,0,1,1,1,0,30,30,0,0,0
368,0,367,369,368,369,0,0,0,0,0,0,0,0,1,1,1,0,30,30,0,0,0
369,0,368,370,369,370,0,0,0,0,0,0,0,0,1,1,1,0,30,30,0,0,0
370,0,369,371,370,371,0,0,0,0,0,0,0,0,1,1,1,0,30,30,0,0,0
371,0,370,372,371,372,0,0,0,0,0,0,0,0,1,1,1,0,30,30,0,0,0
372,0,371,373,372,373,0,0,0,0,0,0,0,0,1,1,1,0,30,30,0,0,0
373,0,372,12,373,374,0,0,0,0,0,0,0,0,0.116,1,1,0,30,30,0,0,0
374,0,12,375,13,375,0,0,0,0,0,0,0,0,1,1,1,0,30,30,0,0,0
375,0,374,376,375,376,0,0,0,0,0,0,0,0,1,1,1,0,30,30,0,0,0
376,0,375,377,376,377,0,0,0,0,0,0,0,0,1,1,1,0,30,30,0,0,0
377,0,376,378,377,378,0,0,0,0,0,0,0,0,1,1,1,0,30,30,0,0,0
378,0,377,379,378,379,0,0,0,0,0,0,0,0,1,1,1,0,30,30,0,0,0
379,0,378,380,379,380,0,0,0,0,0,0,0,0,1,1,1,0,30,30,0,0,0
380,0,379,381,380,381,0,0,0,0,0,0,0,0,1,1,1,0,30,30,0,0,0
381,0,380,382,381,382,0,0,0,0,0,0,0,0,1,1,1,0,30,30,0,0,0
382,0,381,383,382,383,0,0,0,0,0,0,0,0,1,1,1,0,30,30,0,0,0
383,0,382,384,383,384,0,0,0,0,0,0,0,0,1,1,1,0,30,30,0,0,0
384,0,383,385,384,385,0,0,0,0,0,0,0,0,1,1,1,0,30,30,0,0,0
385,0,384,386,385,386,0,0,0,0,0,0,0,0,1,1,1,0,30,30,0,0,0
386,0,385,387,386,387,0,0,0,0,0,0,0,0,1,1,1,0,30,30,0,0,0
387,0,386,388,387,388,0,0,0,0,0,0,0,0,1,1,1,0,30,30,0,0,0
388,0,387,389,388,389,0,0,0,0,0,0,0,0,1,1,1,0,30,30,0,0,0
389,0,388,390,389,390,0,0,0,0,0,0,0,0,1,1,1,0,30,30,0,0,0
390,0,389,391,390,391,0,0,0,0,0,0,0,0,1,1,1,0,30,30,0,0,0
391,0,390,392,391,392,0,0,0,0,0,0,0,0,1,1,1,0,30,30,0,0,0
392,0,391,393,392,393,0,0,0,0,0,0,0,0,1,1,1,0,30,30,0,0,0
393,0,392,394,393,394,0,0,0,0,0,0,0,0,1,1,1,0,30,30,0,0,0
394,0,393,395,394,395,0,0,0,0,0,0,0,0,1,1,1,0,30,30,0,0,0
395,0,394,396,395,396,0,0,0,0,0,0,0,0,1,1,1,0,30,30,0,0,0
396,0,395,397,396,397,0,0,0,0,0,0,0,0,1,1,1,0,30,30,0,0,0
397,0,396,398,397,398,0,0,0,0,0,0,0,0,1,1,1,0,30,30,0,0,0
398,0,397,399,398,399,0,0,0,0,0,0,0,0,1,1,1,0,30,30,0,0,0
399,0,398,400,399,400,0,0,0,0,0,0,0,0,1,1,1,0,30,30,0,0,0
400,0,399,401,400,401,0,0,0,0,0,0,0,0,1,1,1,0,30,30,0,0,0
401,0,400,402,401,402,0,0,0,0,0,0,0,0,1,1,1,0,30,30,0,0,0
402,0,401,403,402,403,0,0,0,0,0,0,0,0,1,1,1,0,30,30,0,0,0
403,0,402,404,403,404,0,0,0,0,0,0,0,0,1,1,1,0,30,30,0,0,0
404,0,403,405,404,405,0,0,0,0,0,0,0,0,1,1,1,0,30,30,0,0,0
405,0,404,406,405,406,0,0,0,0,0,0,0,0,1,1,1,0,30,30,0,0,0
406,0,405,407,406,407,0,0,0,0,0,0,0,0,1,1,1,0,30,30,0,0,0
407,0,406,408,407,408,0,0,0,0,0,0,0,0,1,1,1,0,30,30,0,0,0
408,0,407,409,408,409,0,0,0,0,0,0,0,0,1,1,1,0,30,30,0,0,0
409,0,408,410,409,410,0,0,0,0,0,0,0,0,1,1,1,0,30,30,0,0,0
410,0,409,411,410,411,0,0,0,0,0,0,0,0,1,1,1,0,30,30,0,0,0
411,0,410,412,411,412,0,0,0,0,0,0,0,0,1,1,1,0,30,30,0,0,0
412,0,411,413,412,413,0,0,0,0,0,0,0,0,1,1,1,0,30,30,0,0,0
413,0,412,414,413,414,0,0,0,0,0,0,0,0,1,1,1,0,30,30,0,0,0
414,0,413,415,414,415,0,0,0,0,0,0,0,0,1,1,1,0,30,30,0,0,0
415,0,414,416,415,416,0,0,0,0,0,0,0,0,1,1,1,0,30,30,0,0,0
416,0,415,417,416,417,0,0,0,0,0,0,0,0,1,1,1,0,30,30,0,0,0
417,0,416,418,417,418,0,0,0,0,0,0,0,0,1,1,1,0,30,30,0,0,0
418,0,417,419,418,419,0,0,0,0,0,0,0,0,1,1,1,0,30,30,0,0,0
419,0,418,420,419,420,0,0,0,0,0,0,0,0,1,1,1,0,30,30,0,0,0
420,0,419,421,420,421,0,0,0,0,0,0,0,0,1,1,1,0,30,30,0,0,0
421,0,420,422,421,422,0,0,0,0,0,0,0,0,1,1,1,0,30,30,0,0,0
422,0,421,423,422,423,0,0,0,0,0,0,0,0,1,1,1,0,30,30,0,0,0
423,0,422,0,423,424,0,0,0,0,0,0,0,0,0.439,1,1,0,5,5,0,0,0
